Base maestra de cupones - Sociedad Valiente,,,,,,,,,,,,,
ID,Orden,Slug,Nombre,Categoría,Subcategoría,Beneficio,Detalles,Teléfono,Tipo de beneficio,Estado,Palabras clave,Fuente imagen,Notas admin
1,1,odontologo-guillermo-sauri,Odontólogo Guillermo Sauri,Salud,Dental,Valoraciones sin costo y descuentos del 15% hasta el 50% en distintos tratamientos.,Valoración sin costo. Descuentos variables según tratamiento.,9991899736,Descuento / Gratis,Activo,odontólogo odontologia dental dentista valoración tratamiento dientes salud,CUPON1_SAURI.png,
2,2,alas-unidas-con-liam-a-c,Alas Unidas con Liam A.C.,Salud,Terapias / Autismo,"Terapias de lenguaje, conductual o sensorial a precio especial para personas con trastorno del espectro autista.","Precio especial en terapias de leguaje, conductual o sensorial.",9994586938,Precio especial,Activo,autismo espectro autista terapias niños atención apoyo salud,CUPON2_TERAPIAS.png,
3,3,opticas-rochar,Ópticas Rochar,Salud,Óptica,Lentes a $300.,Promoción de lentes a precio especial.,9995932547,Precio especial,Activo,lentes óptica opticas anteojos vista armazón micas salud visual,CUPON3_OPTICASROCHAR.png,
4,4,rayoxpress,RayoXpress,Salud,Diagnóstico,50% de descuento en estudios de rayos X a domicilio.,Estudios de rayos X a domicilio.,9991150838,Descuento,Activo,rayos x radiografia radiografías domicilio estudio diagnóstico salud,CUPON4_RAYOXPRESS.png,Contacto mostrado: Jhon Flores Cabrera.
5,5,mv-clinica-dental,MV Clínica Dental,Salud,Dental,"40% en ortodoncia (brackets), 40% en blanqueamiento dental y 30% en tratamientos dentales.","Tratamientos dentales: resina, limpieza, extracciones, etc.",9999691841,Descuento,Activo,dental dentista ortodoncia brackets blanqueamiento resina limpieza extracciones,CUPON5_MV_CLINICADENTAL.png,
6,6,centro-de-terapias-alternativas-bioenergia,Centro de Terapias Alternativas Bioenergía,Bienestar,Quiropráctica,50% de descuento en cualquier servicio.,Centro de terapias alternativas Bioenergía.,9993666717,Descuento,Activo,quiropráctico quiropractica bioenergía terapia alternativa bienestar dolor espalda,CUPON6_BIONERGIA.png,
7,7,dental-sky-clinica-integral,Dental Sky Clínica Integral,Salud,Dental,Descuentos del 15% hasta el 50% en diversos tratamientos de ortodoncia y 30% en brackets.,Promociones variables en tratamientos de ortodoncia.,9999932331,Descuento,Activo,dental ortodoncia brackets dentista clínica tratamiento dientes,CUPON7_DENTALSKY.png,
8,8,diamond,Diamond,Compras,Perfumería,Descuentos del 15% hasta el 30% de descuento en perfumería.,Pregunta por descuento de mayoreo o modalidad negocio.,9993953515,Descuento,Activo,perfumería perfumes fragancias mayoreo negocio compras,CUPON8_DIAMAND.png,
9,9,espinilleras-ideando,Espinilleras IdeAndo,Deportes,Accesorios deportivos,50% de descuento en espinilleras personalizadas.,Espinilleras personalizadas.,9994408458,Descuento,Activo,espinilleras futbol fútbol deporte personalizadas accesorios,CUPON9_ESPINILLERASIDEANDO.png,
10,10,fresh-clean,Fresh Clean,Hogar,Limpieza,"40% de descuento en artículos de limpieza para restaurantes, bares y carwash.",Productos y artículos de limpieza.,9995675239,Descuento,Activo,limpieza productos restaurante bar carwash artículos hogar negocio,CUPON10_FRESHCLEAN.png,
11,11,fuerza-imparable,Fuerza Imparable,Bienestar,Productos de bienestar,30% de descuento en productos Rednatura.,Descuento en productos Rednatura.,9902855479,Descuento,Activo,rednatura productos bienestar salud fuerza imparable,CUPON11_FUERZAIMPARABLE.png,
12,12,liiz-verde-hair-studio,Liiz Verde Hair Studio,Belleza,Salón de belleza,20% de descuento en alaciados y keratinas.,Servicios seleccionados de belleza.,9994874600,Descuento,Activo,cabello alaciado keratina cejas micropigmentación salón belleza,CUPON12_LIIZVERDE.png,
13,13,stylystas-salon,Stylystas Salon,Belleza,Salón de belleza,"20% de descuento en servicios de color, keratina y tratamiento capilar.",Servicio de cambio de imagen.,9993550558,Descuento,Activo,salón salon belleza cabello maquillaje cambio imagen hair makeup,CUPON13_STYLYSTAS_SALON.png,
14,14,divertidas-chanclas-de-calidad,Divertidas Chanclas de Calidad,Compras,Calzado,Descuento especial.,Beneficio especial en calzado tipo crocs.,9812479330,Descuento especial,Activo,chanclas sandalias calzado compras descuento,CUPON14_CHANCLAS.png,El cupón no indica porcentaje exacto.
15,15,m-n-abogados,M & N Abogados,Servicios,Legal,Asesoría inicial gratuita con especialista en derecho laboral.,Derecho laboral y seguridad social.,9999900536,Gratis,Activo,abogado legal derecho laboral seguridad social asesoría consulta,CUPON15_MYN_ABOGADOS.png,
16,16,fernando-castrejon,Fernando Castrejón,Servicios,Legal,Asesoría inicial gratuita.,"Casos sobre concubinato, Modalidad 40, pensión y viudez.",9994539346,Gratis,Activo,asesoría financiera seguros modalidad 40 pensión viudez concubinato,CUPON16_FERNANDOCASTREJON.png,
17,17,la-bendita-cochinita,La Bendita Cochinita,Alimentos,Eventos / Catering,30% de descuento en servicio para todo tipo de evento.,"Tacos, tortas y eventos.",9998021847,Descuento,Activo,cochinita tacos tortas comida eventos catering banquete,CUPON17_LABENDITACOCHINITA.png,
18,18,los-reyes-del-mar,Los Reyes del Mar,Alimentos,Restaurante,Descuento especial en su cuenta final.,Pescados y mariscos.,9991908668,Descuento especial,Activo,pescados mariscos restaurante comida cuenta final,CUPON18_LOSREYESDELMAR.png,El cupón no indica porcentaje exacto.
19,19,jonathan-rosado,Jonathan Rosado,Hogar,Mantenimiento,"30% de descuento en electricidad, plomería y refrigeración.",Servicios de mantenimiento.,9993236088,Descuento,Activo,electricidad plomería refrigeración mantenimiento hogar técnico,CUPON19_JONATHANROSADO.png,Duplicado del registro Proyectos y Soluciones Rosado; conservar solo como referencia.
20,20,sim-plaga,SIM Plaga,Hogar,Fumigación,20% de descuento en fumigaciones y control de plagas.,Servicio de fumigación y control de plagas.,9995761415,Descuento,Activo,fumigación fumigaciones plagas control insectos hogar,CUPON20_SIMPLAGA.png,
21,21,proyectos-y-soluciones-rosado,Proyectos y Soluciones Rosado,Hogar,Mantenimiento,"30% de descuento en electricidad, plomería y refrigeración.","Electricidad, plomería, refrigeración y A.A.",9999952562,Descuento,Activo,electricidad plomería refrigeración aire acondicionado mantenimiento hogar,CUPON21_SOLUCIONESROSADO.png,Versión de negocio preferida sobre el cupón de Jonathan Rosado.
22,22,vm-motors-mid,VM Motors MID,Automotriz,Compra y venta de vehículos,Asesoría inicial sin costo para compra y venta de vehículos usados.,Seminuevos.,9992679353,Gratis,Activo,autos carros vehículos seminuevos compra venta asesoría automotriz,CUPON22_VM_MOTOS.png,
23,23,mariano-soto-y-su-mariachi,Mariano Soto y su Mariachi,Entretenimiento,Música en vivo,20% de descuento en presentaciones en vivo.,Presentaciones de mariachi.,9812479330,Descuento,Activo,mariachi música musica vivo serenata evento entretenimiento,CUPON23_MARIANOSOTO.png,
24,24,enerplus,Enerplus,Hogar,Energía solar,20% a 30% de descuento + panel de regalo en todos los paquetes.,"Paneles solares fotovoltaicos, iluminación LED y distribución.",9995766496,Descuento / Regalo,Activo,panel solar energía energia fotovoltaico led ahorro electricidad,CUPON24_ENERPLUS.png,
25,25,vidrios-y-aluminios-dmv,Vidrios y Aluminios DMV,Hogar,Vidrios y aluminio,20% de descuento en vidrios y aluminios.,Servicios y productos de vidrio y aluminio.,9991775578,Descuento,Activo,vidrios aluminio ventanas canceles hogar construcción,CUPON25_VIDRIOSYALUMINIOS.png,
26,26,romanos-boxing-club,Romanos Boxing Club,Deportes,Boxeo,20% de descuento en inscripción y 20% de descuento en mensualidad.,Clases de boxeo.,9993043922,Descuento,Activo,box boxeo boxing gimnasio deporte entrenamiento mensualidad inscripción,CUPON26_BOXINGCLUB.png,
27,27,unid,UNID,Educación,Universidad,50% de descuento en licenciaturas y maestrías.,Oferta educativa UNID.,9999600827,Descuento,Activo,universidad licenciatura maestría educación estudiar carrera posgrado,CUPON26_UNID.png,
28,28,ditapps-training,DITAPPS Training,Educación,Capacitación médica,Descuento especial en diplomado de ultrasonido renal.,Diplomado de ultrasonido renal.,8711053297,Descuento especial,Activo,diplomado ultrasonido renal capacitación curso médico educación,CUPON28_DIPLOMADO.png,El cupón no indica porcentaje exacto.
29,29,profesionales-de-la-belleza-yucatan,Profesionales de la Belleza Yucatán,Educación,Cursos de belleza,50% de descuento en diversos cursos de belleza.,Capacitación profesional en belleza.,9997478671,Descuento,Activo,cursos belleza capacitación estética estilismo educación,CUPON29_PROFESIONALESDELABELLEZA_YUC.png,
30,30,casa-de-descanso-de-los-abuelos,Casa de Descanso de los Abuelos,Comunidad,Adultos mayores,"Atención a adultos mayores en situación de abandono, vulnerabilidad o despojo.",Atención y hogar para adultos mayores que lo necesiten.,9996399436,Servicio,Activo,adultos mayores abuelos casa descanso atención hogar vulnerabilidad apoyo comunidad,CUPON30_ADULTOSMAYORES.png,El cupón no muestra descuento; se conserva como servicio comunitario.
31,31,mirada-activa,Mirada Activa,Salud,Oftalmología,Consulta oftalmológica a precio especial de $200.,Precio regular mostrado: $800.,9992244501,Precio especial,Activo,oftalmología oftalmologica ojos visión vista consulta salud,CUPON31_MIRADA_ACTICA.png,
32,32,ssg-soluciones-en-sinergia-galm,SSG Soluciones en Sinergia Galm,Inmobiliario,Rentas residenciales,30% de descuento en rentas en generadores de luz residenciales.,Servicio inmobiliario de rentas.,9999585869,Descuento,Activo,renta rentas residencial casa inmueble inmobiliaria,CUPON32_SSG-01.png,
33,33,yama-martin-y-asociados,Yama Martín y Asociados,Servicios,Legal,Asesoría inicial gratuita.,"Derecho agrario, mercantil, familiar, etc.",9991933889,Gratis,Activo,abogado legal derecho agrario mercantil familiar asesoría,CUPON33_YAMABOJORQUEZ-01.png,
34,34,vida-terapias-alternativas,Vida Terapias Alternativas,Bienestar,Terapias holísticas,"30% de descuento en terapias holísticas: Reiki, aromaterapia, reflexología, etc.",Servicios de terapias alternativas.,9998021591,Servicio,Activo,reiki aromaterapia reflexología terapias holísticas bienestar,CUPON34_TERAPIASHOLISTICAS-01.png,El cupón no muestra porcentaje o precio especial.
35,35,rivca,RIVCA,Hogar,Pozos,30% de descuento en paraje de pozos y de abastecimiento de 18 metros.,Servicio relacionado con pozos de abastecimiento.,9991555081,Descuento,Activo,pozos abastecimiento agua perforación paraje hogar campo,CUPON35_RIVCA-01.png,Se conserva el texto 'paraje' tal como aparece en el cupón.
36,36,jr-transfer,JR Transfer,Viajes,Traslados,30% de descuento en renta de camioneta con chofer.,"Traslados ejecutivos, turísticos y privados.",9993904949,Descuento,Activo,transfer traslado camioneta chofer viaje turismo ejecutivo privado,CUPON36_JRTRANSFER-01.png,
37,37,rolcar-servipartes,ROLCAR Servipartes,Automotriz,Refacciones,4x3 en amortiguadores para cualquier vehículo.,Promoción 4x3 en amortiguadores.,9993904949,Promoción,Activo,rolcar servipartes amortiguadores refacciones auto vehículo carro automotriz 4x3,ROLCAR1.jpeg,
38,38,david-toraya-fisioterapeuta,David Toraya Fisioterapeuta,Salud,Fisioterapia,50% de descuento en terapias.,Retorna - Tu camino hacia el bienestar.,9991946013,Descuento,Activo,fisioterapia terapia rehabilitación dolor bienestar salud,CUPON38_DAVIDTORAYAFISIOTERAPEUTA-01.png,
39,39,cedimmont,CEDIMMONT,Salud,Diagnóstico,"Descuento especial en estudios de imagen, tomografía y laboratorio.",Centro de Diagnóstico Médico Montejo.,9991950909,Descuento especial,Activo,diagnóstico tomografía laboratorio estudios imagen salud cedimmont,CUPON39-CEDIMMONT-01.png,El cupón no indica porcentaje exacto.
40,40,erik-vicente-carrillo-perez,Erik Vicente Carrillo Pérez,Servicios,Arquitectura,Asesoramiento gratuito en diseño básico para construcción.,Servicio de arquitecto.,9991756233,Gratis,Activo,arquitecto arquitectura diseño construcción asesoramiento proyecto,CUPON40-DISELN╠âOBASICO-02.png,
41,41,mic-made-in-cuates,MIC Made in Cuates,Alimentos,Restaurante,Descuento especial en cuenta final.,Solo en mostrador. Servicio de comedor.,9991558728,Descuento especial,Activo,comida restaurante comedor mostrador cuenta final mic made in cuates,CUPON41-MIC-01.png,El cupón no indica porcentaje exacto.
42,42,barber-galery,Barber Galery,Belleza,Barbería,Descuento especial en cortes de cabello.,Servicio de barbería.,9991400843,Descuento especial,Activo,barbería barber cabello corte hombre belleza,CUPON42-BARBERGALERY.png,El cupón no indica porcentaje exacto.
43,43,mac-hospitales-merida,MAC Hospitales Mérida,Salud,Hospital,Descuento especial en tomografía/resonancia y consultas en urgencias a $220.,Beneficio hospitalario.,9994787100,Descuento / Precio especial,Activo,hospital urgencias tomografía resonancia consulta salud mac,CUPON43-MACHOSPITALES.png,
44,44,little-penguin-ingles,Little Penguin - Inglés,Educación,Idiomas,"Inscripcion gratuita en clases de ingles para niños de 6 a 11 años y 20% de descuento en su primer nivel

",Clases de inglés para niños de 6 a 11 años.,9997383476,Descuento / Gratis,Activo,inglés ingles idioma niños clases educación little penguin inscripción,CUPON44-LITTLEPENGUIN1.png,
45,45,little-penguin-estimulacion-temprana,Little Penguin - Estimulación Temprana,Educación,Estimulación temprana,4 clases gratuitas en cualquier paquete de estimulacion temprana,Beneficio de Little Penguin.,9997383476,Gratis,Activo,estimulación temprana niños bebés clases paquete educación little penguin,CUPON44-LITTLEPENGUIN2.png,
46,46,barrio-box,Barrio Box,Deportes,Boxeo,Mensualidad de $200.,Consta de 6 a 8 clases en total.,9995295181,Precio especial,Activo,box boxeo clases deporte mensualidad entrenamiento,CUPON45-BOX-01.png,
47,47,jm-acompanamiento-psicologico,JM Acompañamiento Psicológico,Salud,Psicología,40% de descuento en consultas psicológicas para adolescentes y padres de familia.,Para adolescentes y padres de familia. Presenciales o en línea.,9996456158,Descuento,Activo,psicología psicólogo terapia emocional adolescentes padres familia línea presencial,CUPON46-JM_PSICOLOGO-02.png,Profesional mostrado: Psic. Jair Montalvo Flores.
48,48,pequenos-dragones,Pequeños Dragones,Educación,Idiomas,50% de descuento en cursos de mandarín.,Para niños de 7 a 10 años. Pago mensual de 4 clases.,9993252369,Descuento,Activo,mandarín mandarín idioma chino niños clases educación,CUPON47-PEQUEN╠âOS-02.png,
49,49,capillas-senoriales-casa-de-homenajes,Capillas Señoríales Casa de Homenajes,Servicios,Protección familiar,Descuentos especiales en servicios de protección familiar.,Servicios de protección familiar.,9993904949,Descuento especial,Activo,protección familiar servicio asistencia familia,CUPON49.CAPILLAS SEN╠âORIALES png.png,El cupón no indica porcentaje exacto.
50,50,hp-obra-civil,HP Obra Civil,Hogar,Impermeabilización,Descuentos especiales en trabajos de impermeabilización.,Ing. Alfonso Heredia.,9993224225,Descuento especial,Activo,impermeabilización obra civil construcción techo humedad hogar,CUPON50_ALFONSO HEREDIA.png,El cupón no indica porcentaje exacto.
51,51,moet-band,Moet Band,Entretenimiento,Música para eventos,Hasta 30% de descuento en paquetes para eventos.,Banda musical versátil para eventos.,9993651737,Descuento,Activo,música musical banda versátil evento eventos paquete entretenimiento moet band,MOET BAND.jpeg,
52,52,jorge-alberto-gutierrez-sanchez,Jorge Alberto Gutierrez Sanchez,Deportes,Fútbol,Inscripción gratis y mensualidades con descuentos especiales.,Entrenamiento de fútbol.,9996706621,Gratis / Descuento especial,Activo,fútbol futbol entrenador entrenamiento deporte inscripción mensualidad,CUPON52JORGE GUTIERREZ.png,
53,53,cuerpo-y-balance,Cuerpo y Balance,Salud,Fisioterapia,Descuento especial en todos los servicios.,Clínica fisioterapéutica.,9999970272,Descuento especial,Activo,fisioterapia clínica terapia rehabilitación cuerpo balance salud,CUPON53-01 CUERPO Y BALANCE.png,El cupón no indica porcentaje exacto.
54,54,gih,GIH,Servicios,Legal / Contable / RH,Descuento especial y asesoría inicial gratuita.,"Despacho jurídico y contable: familiar, penal, civil, amparo, mercantil, fiscal, laboral, contabilidad y recursos humanos.",9991211516,Gratis / Descuento especial,Activo,GIH despacho jurídico contable legal abogado contabilidad recursos humanos fiscal laboral penal civil mercantil amparo,DESPACHO GIH.jpeg,
55,55,auto-fenix,Auto Fénix,Automotriz,Estética automotriz,40% de descuento.,"Abrillantado de carrocería, limpieza de interiores y pulido de faros.",9991448516,Descuento,Activo,auto carro limpieza interior abrillantado carrocería faros pulido estética automotriz,CUPON55-01CAR WASH.png,
56,56,gran-sureste-desarrollos,Gran Sureste Desarrollos,Inmobiliario,Terrenos,"Descuento de $10,000 en terrenos de $199,000 con facilidades de pago.","Terreno de 9 x 24 m = 216 m² en Umán, Yucatán.",9999952236,Descuento,Activo,terreno terrenos umán uman desarrollo inmobiliario lote financiamiento,CUPON56 GRAN SURESTE DESARROLLOS.png,
57,57,acosta-solis-abogado,Acosta Solís Abogado,Servicios,Legal,Asesoría legal gratuita en temas legales.,Asesoría legal sin costo.,9991630129,Gratis,Activo,abogado legal asesoría asesoria gratuita temas legales derecho servicios,ACOSTA SOLIS.jpeg,
58,58,bios-optika,Bios Optika,Salud,Óptica / Salud visual,Campaña de salud visual.,Beneficio de atención en salud visual.,9991561581,Campaña / Beneficio,Activo,bios optikal óptica optica lentes salud visual vista ojos campaña,BIOSOPTIKA.jpeg,
59,59,conecta-isra-segura,Conecta - Isra Segura,Servicios,Seguros,Asesoría gratuita para contratación de seguros.,Asesoría sin costo para contratación de seguros.,9931923031,Gratis,Activo,seguros póliza poliza asesoría asesoria contratación proteccion conecta isra segura,ISRA SEGURA.png,
60,60,karen-santos-proteccion-integral,Karen Santos - Protección Integral,Servicios,Seguros,Asesoría gratuita para contratación de seguros.,Asesoría sin costo para contratación de seguros.,9931923031,Gratis,Activo,seguros póliza poliza asesoría asesoria contratación protección integral karen santos,KAREN SANTOS.png,
61,61,language-keepers-inscripcion-2x1,Language Keepers - Inscripción + 2x1,Educación,Inglés,Inscripción gratis y 2x1 en curso de inglés de 3 meses.,Niveles de básico a avanzado.,9991648540,Gratis / 2x1,Activo,language keepers inglés ingles curso idiomas inscripción inscripcion 2x1 básico avanzado educación,LANGUAGE KEEPERS.png,
62,62,language-keepers-inscripcion-gratis,Language Keepers - Inscripción gratis,Educación,Inglés,Inscripción gratis en curso de inglés de 3 meses.,Niveles de básico a avanzado.,9991648540,Gratis,Activo,language keepers inglés ingles curso idiomas inscripción inscripcion gratis básico avanzado educación,LANGUAGE KEEPERS1.png,
63,63,language-keepers-2x1,Language Keepers - 2x1,Educación,Inglés,2x1 en curso de inglés de 3 meses.,Niveles de básico a avanzado.,9991648540,2x1,Activo,language keepers inglés ingles curso idiomas 2x1 básico avanzado educación,LANGUAGE KEEPERS2.png,
64,64,language-keepers-diagnostico-gratuito,Language Keepers - Diagnóstico gratuito,Educación,Capacitación / Empresas,Diagnóstico gratuito para identificar áreas de mejora.,Dirigido a empresas o emprendimientos.,9991648540,Gratis,Activo,language keepers diagnóstico diagnostico gratuito empresas emprendimiento capacitación mejora educación,LANGUAGE KEEPERS3.jpeg,
65,65,lusa-spa-wellness-masajes,Lusa Spa & Wellness - Masajes,Bienestar,Spa / Masajes,2x1 en masajes relajantes.,Promoción en masajes relajantes.,9995472349,2x1,Activo,lusa spa wellness masaje masajes relajantes bienestar 2x1,LUSA SPA.png,El teléfono aparece con 11 dígitos en el cupón; verificar antes de publicar.
66,66,lusa-spa-wellness-tratamientos,Lusa Spa & Wellness - Tratamientos,Bienestar,Spa / Tratamientos,20% de descuento en cualquier tratamiento.,Descuento aplicable a tratamientos del spa.,9995472349,Descuento,Activo,lusa spa wellness tratamiento tratamientos bienestar descuento 20%,LUSA SPA1.png,El teléfono aparece con 11 dígitos en el cupón; verificar antes de publicar.
67,67,roberto-gil-mascarero,Roberto Gil - Mascarero,Compras,Lucha libre / Máscaras,20% de descuento en máscaras de luchador.,Descuento en máscaras de luchador.,9993322083,Descuento,Activo,roberto gil mascarero máscara mascaras lucha libre luchador compras 20%,MASCARERO.png,
68,68,roberto-gil-sanchez-espectaculo,Roberto Gil Sánchez - Espectáculo,Entretenimiento,Espectáculos,20% de descuento en espectáculo del cantante Roberto Gil Sánchez.,Descuento para contratación de espectáculo.,9993322083,Descuento,Activo,roberto gil sánchez cantante espectáculo show música eventos entretenimiento 20%,ROBERTO GIL.png,
69,69,rolcar-servipartes,ROLCAR Servipartes,Automotriz,Refacciones / Frenos,2x1 en 1/2 discos y tambores.,Promoción en discos y tambores.,9993904949,2x1,Activo,rolcar servipartes discos tambores frenos refacciones automotriz auto carro 2x1,ROLCAR.jpeg,
70,70,rolando-takos,Rolando Takos,Alimentos,Taquizas / Eventos,Descuento especial en paquetes para eventos.,"Trompo de pastor, asado, árabe, chuleta, mixto y frijoles charros.",9999052877,Descuento especial,Activo,rolando takos tacos taquizas eventos trompo pastor asado arabe chuleta mixto frijoles charros alimentos,rolando takos.png,
71,71,omar-enrique-vargas-gonzalez,Omar enrique vargas gonzalez,Salud,Ortopedia y traumatología,30% de descuento en consulta inicial,Consulta inicial de ortopedia y traumatología.,5615647524,Descuento,Activo,ortopedia traumatología traumatologia ortopedista consulta huesos lesiones salud,Pendiente,Imagen pendiente de asignar.
72,72,servicios-funerarios-luz-perpetua,Servicios funerarios luz perpetua,Servicios,Funeraria,"Servicio basico funerario en domicilio de $6,500 a $4,500",Servicio funerario básico a domicilio con precio especial.,9992227347,Precio especial,Activo,funeraria funeral servicios funerarios velación velacion domicilio apoyo familiar,Pendiente,Imagen pendiente de asignar.
73,73,calema-renta-de-sillas-y-mesas,Calema renta de sillas y mesas,Entretenimiento,Renta para eventos,"Descuento especial: renta de sillas y mesas, barra de snacks y botanas gourmet","Renta de sillas y mesas, barra de snacks y botanas gourmet.",9994489487,Descuento especial,Activo,eventos renta sillas mesas snacks botanas mobiliario fiestas entretenimiento,Pendiente,Imagen pendiente de asignar.
74,74,joel-pool-zamora,Joel Pool Zamora,Servicios,Legal,Asesoria inicial gratuita,Asesoría legal inicial sin costo.,9993641410,Gratis,Activo,abogado legal derecho asesoría asesoria gratuita consulta servicios,Pendiente,Imagen pendiente de asignar.
75,75,los-reyes-rentadora,Los Reyes rentadora,Entretenimiento,Luz y sonido, descuento especial en: paquetes para eventos sociales de luz y sonido,Paquetes de luz y sonido para eventos sociales.,9994940728,Descuento especial,Activo,eventos sociales luz sonido renta paquetes fiesta entretenimiento,Pendiente,Imagen pendiente de asignar.
76,76,la-barber,La Barber,Belleza,Barbería,20% de descuento en todos los servicios mas 1 facial gratis en la primera visita,Descuento en servicios de barbería y facial gratis en la primera visita.,9993903907,Descuento / Gratis,Activo,barber barbería barberia corte cabello facial belleza primera visita,Pendiente,Imagen pendiente de asignar.
77,77,taqueria-don-roger,Taqueria don Roger,Alimentos,Taquizas / Eventos,Descuento especial en servicios para eventos sociales,Servicio de alimentos para eventos sociales.,9993705526,Descuento especial,Activo,taquería taqueria tacos taquizas comida eventos sociales alimentos,Pendiente,Imagen pendiente de asignar.
78,78,distribuidora-de-huevos-bm,Distribuidora de huevos BM,Alimentos,Distribuidora de alimentos,30% de descuento a partir de 1 kg de huevo,Descuento en compra de huevo a partir de 1 kg.,Pendiente,Descuento,Activo,huevo huevos distribuidora alimentos kilo compra descuento,Pendiente,Teléfono pendiente de confirmar. Imagen pendiente de asignar.
79,79,hay-drinks,Hay drinks,Alimentos,Mixología / Eventos,Descuento especial en servicios para eventos sociales,Servicio de mixología para eventos sociales.,Pendiente,Descuento especial,Activo,mixología mixologia bebidas drinks eventos sociales barra cocteles alimentos,Pendiente,Teléfono pendiente de confirmar. Imagen pendiente de asignar.
80,80,juan-luis-pacheco-martin,Juan luis pacheco martin,Educación,Regularización y asesoría,Descuentos especiales en clases asesoria y regularización ,"Clases, asesoría y regularización académica.",9845301411,Descuento especial,Activo,clases asesoría asesoria regularización regularizacion escuela materias educación,Pendiente,Imagen pendiente de asignar.
81,81,trazos-formas-y-colores,"Trazos, formas y colores",Compras,Playeras / Personalización,50% de descuento en playeras para tu negocio,Playeras para negocio con descuento.,9904051981,Descuento,Activo,playeras negocio impresión impresion diseño personalización personalizacion compras,Pendiente,Imagen pendiente de asignar.
82,82,midlet-luz-y-sonido,Midlet luz y sonido,Entretenimiento,Luz y sonido,Descuentos especiales en paquetes para eventos sociales,Paquetes de luz y sonido para eventos sociales.,9993528273,Descuento especial,Activo,luz sonido eventos sociales fiesta paquetes entretenimiento,Pendiente,Imagen pendiente de asignar.
83,83,eduardo-manuel-viera-basto,Eduardo manuel viera basto,Entretenimiento,Eventos tradicionales,Renta de toros para corridas de promesas en comisarias de merida,Renta de toros para corridas de promesas en comisarías de Mérida.,9901014141,Servicio,Activo,toros renta corridas promesas comisarías merida eventos tradicionales,Pendiente,Imagen pendiente de asignar.
84,84,maria-valentina-regil-xiu,Maria valentina regil xiu,Compras,Velas artesanales,20% de descuento en velas artesanales,Descuento en velas artesanales.,9831367023,Descuento,Activo,velas artesanales decoración decoracion regalos compras,Pendiente,Imagen pendiente de asignar.
85,85,naomy-veronica-torres-quijano,Naomy veronica torres quijano,Compras,Mascotas,Descuento especial en articulos para mascotas,Artículos para mascotas con descuento especial.,9995621842,Descuento especial,Activo,mascotas artículos articulos perros gatos accesorios compras,Pendiente,Imagen pendiente de asignar.
86,86,ali-rafael-lavin-lara,Ali rafael lavin lara,Hogar,Mantenimiento,"30% de descuento en pinturas de casas, impermeabilizacion de techo, lavado de tinacos, deshierbo","Pintura de casas, impermeabilización, lavado de tinacos y deshierbo.",9992842741,Descuento,Activo,pintura casas impermeabilización impermeabilizacion techo tinacos deshierbo mantenimiento hogar,Pendiente,Imagen pendiente de asignar.
87,87,festy-juegos,Festy juegos,Entretenimiento,Animación de eventos,"Descuento especial en animacion de despedidas de solteras, bbyy shower, etc","Animación para despedidas de soltera, baby shower y otros eventos.",9994868205,Descuento especial,Activo,animación animacion despedida soltera baby shower juegos eventos fiesta entretenimiento,Pendiente,Imagen pendiente de asignar.
88,88,lunetazo-show,Lunetazo show,Entretenimiento,Show infantil,30% de descuento en show payaso,Show de payaso para eventos.,9994100333,Descuento,Activo,payaso show infantil fiestas eventos animación entretenimiento,Pendiente,Imagen pendiente de asignar.
89,89,glomadent,Glomadent,Salud,Dental,Sistema de membresia semestral de servicios dentales a $1250 (4 consultas + 4 limpiezas),Membresía semestral: 4 consultas y 4 limpiezas dentales.,9999075732,Membresía / Precio especial,Activo,dental dentista odontología odontologia membresía consultas limpiezas dientes salud,Pendiente,Imagen pendiente de asignar.
90,90,las-iguanas-tours,Las iguanas tours,Viajes,Hospedaje y tours,"Descuento especial en paquetes de hospedaje, tours etc. (hasta 5%)",Paquetes de hospedaje y tours con descuento de hasta 5%.,9991392383,Descuento especial,Activo,tours viaje hospedaje hotel paquetes turismo descuento vacaciones,Pendiente,Imagen pendiente de asignar.
91,91,valper-servicios-electricos,Valper servicios electricos,Hogar,Servicios eléctricos,"Descuento especial en proyectos ejecutivos electricos, residenciales, industriales y servicios","Proyectos ejecutivos eléctricos residenciales, industriales y servicios.",9381320765,Descuento especial,Activo,electricidad eléctrico electrico proyectos residenciales industriales servicios hogar,Pendiente,Imagen pendiente de asignar.
92,92,rec-digital,Rec digital,Entretenimiento,Fotografía y video,Descuento especial en paquetes de fotografia y video para todo evento social (10% de descuento),Paquetes de fotografía y video para eventos sociales.,9999704060,Descuento,Activo,fotografía fotografia video eventos sociales fotos grabación grabacion entretenimiento,Pendiente,Imagen pendiente de asignar.
93,93,vem-casa-victoria-by-elizabeth,VEM casa Victoria by elizabeth,Bienestar,Masajes,40% de descuento en masajes terapeuticos y relajantes,Masajes terapéuticos y relajantes.,9994517805,Descuento,Activo,masajes masaje terapéutico terapeutico relajante bienestar spa,Pendiente,Imagen pendiente de asignar.
94,94,sandro-gilberto-ku-manzanilla,Sandro Gilberto Ku Manzanilla,Hogar,Mantenimiento,"Descuento especial en servicios de mantenimiento en general impermebilizaciones, pasta, etc.","Mantenimiento general, impermeabilizaciones, pasta y otros servicios.",9992550400,Descuento especial,Activo,mantenimiento impermeabilización impermeabilizacion pasta reparación reparacion hogar,Pendiente,Imagen pendiente de asignar.
95,95,mda-juridico,MDA juridico,Servicios,Legal / Contable,Asesoria inicial gratuita,Despacho legal y contable. Asesoría inicial sin costo.,9993400010,Gratis,Activo,mda jurídico juridico abogado legal contable contabilidad asesoría gratuita servicios,Pendiente,Imagen pendiente de asignar.
96,96,casa-517-nutricion,Casa 517 Nutrición,Salud,Nutrición,20% de descuento en primera consulta,Primera consulta de nutrición con descuento.,9991282810,Descuento,Activo,nutrición nutricion nutriólogo nutriologo consulta dieta alimentación alimentacion salud,Pendiente,Imagen pendiente de asignar.
